title,description,link
I Want To See You Embarassed,"Akito Shirasawa, a high school boy whose father is a film director, sees something in the library preparation room. It was the ""masturbation scene"" of his classmate, Natsuho Honjo. Akito is puzzled, but ends up filming it with his smartphone. Natsuho notices Akito, and in the men's restroom, makes a ""proposal"" to Akito! Exposed high school girl and movie boy. The ""expo More.",https://readmanganato.com/manga-nw990505
Lazy Dungeon Master,"""Come on, kill all those bandits for me already!"" ""No thanks. I don't wanna do any work."" My name is Keima Masuda, and my hobby is spending each day doing exactly nothing… but one fateful night, I was summoned to another world where I met a blonde young girl who I named Rokuko. It seemed that fortune had favored me and I would soon be living a wonderful life free of work. But even though I'm a gu More.",https://readmanganato.com/manga-co979497
"Bind, Connect","The manga centers on Kanoko and her friend Tsunagu. Their personalities are completely opposite of each other, but they are still very close. But something happens one day while they're playing near a small mountain shrine that they call Nogeyama-sama. More.",https://readmanganato.com/manga-fo982671
Story of a Small Senior In My Company,"-""My senpai from work... is tiny and cute.""
Shinozaki is an office worker who is taken care of and coddled by his senior team member Shiori Katase: a gorgeous, profoundly kind, loving, and diminutive woman. Shinozaki certainly hopes that she's not doing it out of duty... but her joy of doing so increasingly exposes her feelings!
This page refer More.",https://mangakakalot.com/manga/cz925703
Sissy,".Paranoid scum attack x gentle and weak. Li Chengxiu tasted the bitterness of life at a young age and longed to be loved. Shao Qun has a prominent background, and his stubborn and uninhibited character of the second generation ancestor was brought to the extreme in middle school. He was close due to curiosity. From bullying to being attracted, the sentimental sentiment happened at the wrong time a More.",https://readmanganato.com/manga-os992001
Love Logic (Jeong Hyeon),"Bad luck? Fate? That's never been in the cards for mathematics genius Kang Heeseo. What he trusts are cold hard facts, based on only physics and probability. But his whole world goes toppling down when he's faced with one Doh Hanbyeol from the popular idol group Illogic. Heeseo finds truth and beauty in Hanbyeol's beautiful face, and there's no stopping him from going to the Illogic concert. But t More.",https://readmanganato.com/manga-rm994369
Stay With Me,"The hottest and most popular model on SNS these days, Choi Bom. Born with a good-looking appearance, he accidentally became a trend, posting a job offer for a housekeeper on his SNS. And after a while, a man comes to visit saying that he will work as a housekeeper... His best friend and first love, who disappeared 7 years ago ... More.",https://readmanganato.com/manga-oc991511
To a New Life,"Humanity's strongest regression action fantasy.
""Even if the disgusting gods did it, they still gave the opportunity. if you want to wedge you have to kill them"".
Zephir, the last survivior of mankind. The lonely battle with demon lord ended id defeat, but the opportunity given by the gods bring us back 10 years ago.
The gods who treated demons and humans as a shit. More.",https://readmanganato.com/manga-lj989318
Drawing Romance,"Chan-Woo finds it difficult talking to Sul-Hee, who always seems to be angry about something. However, what he says to her actually makes her heart beat like crazy! A sweet, romantic story of a young couple's first love! More.",https://readmanganato.com/manga-pe992613
Arpeggio on Sea Surface,More.,https://readmanganato.com/manga-pe992413
Kotaete My Drifter,"It's the hedonistic New York of the roaring '20s. One night at a dazzling party Elliot meets Robert, a suspiciously suave man who reminds him of his first love. The two handsome gentlemen hit it off right away and soon their relationship takes a romantic turn... However, the paths of history are often cruel. Can they withstand the challenges thrown at them? Let Ooshima Kamome's newest work captiva More.",https://mangakakalot.com/manga/er934460
Papa Told Me,"Story about a novelist and his daughter, Chise-chan, elementary school girl in Tokyo. Because Chise's mama died when she was very young, papa takes care of her. She loves papa so much that she carries papa's photo at a magazine interview instead of the idol stars' photos, and she's very happy that her papa's working at home because that way she can be with papa almost all More.",https://mangakakalot.com/manga/jl918534
The World After the Fall,"Humans were suddenly summoned to become “Walkers”, and they needed to clear the tower to save the world.
Then, the “Regression Stone” was discovered. Walkers could now “return” to the past. And slowly… everyone left.
Humanity's last hope, “Carpe Diem”, was formed by people who refused to abandon the world.
But once More.",https://readmanganato.com/manga-nb990510
I'll Save the Heroine!,"Imagine Lee Sangyeo's surprise when she wakes up one day inside her favorite novel... and her horror when she realizes she's in the body of the adorable heroine's evil sister-in-law, Aylee Brydon! Knowing that the story will end terribly if nothing changes, Aylee is determined to save the heroine at all costs. However, her complete character reversal leads to problems in high society and causes fr More.",https://readmanganato.com/manga-rf995162
Apex Future Martial Arts,"At the beginning of the martial dao, abnormal beasts invaded the world. Humanity’s martials had to retreat in defeat time and time again. Lu Sheng transmigrates to that time, but in his dreams he enters a world 10 000 years later. The foundational body refining method from 10k years in the future is several thousand times more effective than the current one. Then there’s the breathing method, body More.",https://readmanganato.com/manga-po993171
The Player Hides His Past,"[By the studio that brought you and !]The virtual reality game ""History of the Archana Continent"" became part of reality, and ""players"" who were synchronized with humans appeared to protect the world. Lee Hoyeol, who was an ordinary salaryman, took over the body of the character he created in middle school, ""Grandfell Claudi Arpeus Romeo."" Under normal circumstances, it would have been an absolute More.",https://readmanganato.com/manga-tf996962
Habibi's Rabbits,"Myowol-guk, where rabbit spirit creatures 'myoin' gather.
Nungso, the 101st prince of Myowol-guk, who is mixed with human blood and is bullied, receives the following tasks for coming of age.
""Rescue the sacred and honorable 'Moon Rabbit' captured by evil humans and bring him back safely.""
Haru, a dalgona-colored brown rabbit imprisoned in More.",https://readmanganato.com/manga-pt992676
Portrait,"Portrait at In 18th century Europe, the painter Whip Blemeur was commissioned to paint a portrait of his daughter from the family of Count Cleiton. However, he sends his disciple Heli insteadThe Portraitmangabuddy is a website dedicated to fans of anime, , , , video games, and cosplay. Where you may find all of your anime-related memes, recommendations, reviews, manga recommendations, character fa More.",https://mangakakalot.com/manga/cx927517
How to Diet as a Lady,"From the Novel:Diet? What is it? It was me who had lived my whole life as a mother-to-be.But who the he** is this moonball reflected in the mirror?When I came to my senses, I was already in the bridle of merciless grass cutting and 100 endless squats. I might die before losing weight.""How about it, is it worth it?""It's because of that devilish master!But even in that he**, a romance finally sprout More.",https://mangakakalot.com/manga/ha934038
The groom disappeared,"The Groom Disappeared / / Sarang Jin is one of the most famous actresses in South Korea, and she has it alltalent, good looks, and a loving fianc... or not! One week before their wedding, her groom-to-be ghosts her. She desperately searches everywhere for Inha, only to discover he's lied to her throughout their entire relationship. To her dismay, his secret triggers her own personal misfortunes More.",https://readmanganato.com/manga-sd996012
Shadow Hack,"By coincidence, Li Yunmu found a super machine from humanity's age of darkness. From that point onwards, his ordinary life would never be the same! Aptitude? Innate talent? What are these? Could they be eaten? I have neither aptitude nor innate skill, but my shadow can level up using hacks. Experience, Ability points, battle prowess…….all of them could be hacked. Even while he is asleep or tired, More.",https://readmanganato.com/manga-kh988290
The Song of Theodor,"During her childhood years, Sienna, the vivacious Princess of the Western Empire, and Latio, the Prince of the Northern Kingdom who was sent over as a political hostage, had a fateful encounter. The two gradually opened their hearts to each other, while the young King Nyah of the Eastern Empire observed them from the shadows… Alas, the tranquil peace between the three kingdoms was but a More.",https://mangakakalot.com/manga/uj921756
Unquenchable Thirst,"Yeonji, the tenacious breadwinner of her family, had a bite-filled one-night stand with Joonwon. He reappears six years later, this time as the infamous Vice President of her company. Struggling as a temp, she clumsily tries to avoid his attention until Joonwon plops her into his personal office. Strangely enough, he won't let her forget any detail from that night. Will he drag her into the twiste More.",https://mangakakalot.com/manga/sm930741
The Immortal Doctor,"University students Tang Qian, in an antique shop to help the owner hit his head when a Dan furnace, since there has been a strange ability, he always has an old man in the brain to speak, whenever you see the patient will automatically tell the symptoms and prescription, let a person back to life, and he wants to use this ability to… More.",https://readmanganato.com/manga-gh984064
Martial Peak,"The journey to the martial peak is a lonely, solitary and long one.In the face of adversity,you must survive and remain unyielding.Only then can you break through and and continue on your journey to become the strongest. Sky Tower tests its disciples in the harshest ways to prepare them for this journey.One day the lowly sweeper Yang Kai managed to obtain a black book, setting him on the road t More.",https://readmanganato.com/manga-bn978870
Rosalyn Bogarte,"Rosalyn Bogarte manhwa, ""Do you not think the husband is so beautiful his in-laws will bring him into sudden wealth?""Due to the luxurious spendings of the royal and noble families, the church and state of the Calabria Kingdom had collapsed. In order to obtain honor, the only thing they cannot obtain, being bourgeois, the Bogarte merchants try to marry off the black sheep of the family, their seco More.",https://mangakakalot.com/manga/dc930171
The Runaway Lead Lives Next Door,"Seina Rohill is a D-class hunter making a living off of killing monstrous fiendsor so she thought. In actuality, she's become an insignificant character in the novel, ""A Secret in the Flower Shop."" What's more, she happens to be neighbors with the female lead, Ellen Euclis! The story revolves around Ellen receiving daily love confessions until she meets the male lead. But when Seina encounters a s More.",https://readmanganato.com/manga-qu993603
Avoiding the Heavenly Emperor,"Bam Binee's dream job is the position of grade 7 civil servant of the Celestial Palace! Luckily for her, the Heavenly Emperor is seeking a wife through the Heavenly Empress Selection, an event that also allows talented ladies to become civil servants. Thus, Binee dives into the competition, meeting new friends and forming alliances at the Celestial Palace. But as the stakes get higher with each ma More.",https://readmanganato.com/manga-pz993108
A Tipsy Marriage Proposal for the Emperor,"A Tipsy Marriage Proposal for the Emperor / Whether it's beauty, status, or a Ph.D, Elliere has it all. But one thing she doesn't have is luck with men, which she discovers when her prideful fiance dumps her for ""being a know-it-all."" Enraged, Elliere storms to the bar and drunkenly rants about her troubles to a mysterious stranger, whose good looks inspire her to ask for his hand in marriage. U More.",https://mangakakalot.com/manga/cb934139
The 13th Night,"With its splendid history of five hundred years, Lan Empire has its own share of lights and shadows. Abandoned at birth, Lynx grows up in one of its slums although she is a daughter of the powerful House of Joo, one of four founding families of the empire from its birth. Just as Lynx is about to be sold off as a concubine to a senile old man, a noble lady appears in front of her. Heeyun Joo, the n More.",https://readmanganato.com/manga-lp989172
Yeon Lok Heun,"Yeon Lokheun is a girl who grows up living as a boy learning martial and spiritual arts. She heads for the palace in order to clear the name of her father, a wanted criminal, where she meets the young Emperor Garyun. He promises to save her father's life in exchange for her lifelong services. After gaining Garyun's trust, she travels the world solving supernatural-like problems that arise in place More.",https://readmanganato.com/manga-gm983395
Second Life on the Red Carpet,"Bedisth, who transmigrated into the novel 'Twilight Princess', finally reached the end of the novel. After it was completed, she wonders how her life would be in the future, and when she opened her eyes the next morning, she returned back to the day when she first transmigrated, together with Princess Rossenne! Confused, Bedisth tries to make a regret-free ending upon hearing Rossenne' More.",https://readmanganato.com/manga-mc990311
Cultivation Chat Group,"One day, Song Shuhang was suddenly added to a chat group with many seniors that suffered from chuuni disease. The people inside the group would call each other ‘Fellow Daoist’ and had all different kinds of titles: Palace Master, Cave Lord, True Monarch, Immortal Master, etc. And even the pet of the founder of the group that had run away from home was called ‘monster dog’. More.",https://readmanganato.com/manga-bf978788
Iraine’s Circumstances,"Iraine's Circumstances manhwa, raine , who lived a modest life as a maid in a village dormitory,Seizing the golden opportunity, she gets a job as a prosperous imperial court servant.At that time, when I thought that my life was blooming while being recognized for my abilities by the princess,Coincidentally, she runs into a man with a bad mouth in the Imperial Palace garden.""Do you have any strange More.",https://readmanganato.com/manga-oc992137
Bring the Love,"Leah, the eldest daughter of the Hildebrandt family, is very popular in society for her beautiful appearance and good manners, but she has a problem she can’t tell anyone about. Her brother, Richt, who was the heir to the family, left behind a letter saying he would come back after becoming a great man. As it is not known whether Richt is dead or alive, and since her father suddenly dies, Le More.",https://readmanganato.com/manga-gi984217
I Adopted the Male Lead,"When Karina wakes up inside a novel, she realizes she’s been given a chance to change the tragic lives of the male lead, Roland Bleuet, and his sister, Melisa. Karina saves up as much money as she can and makes a run for it with the children. But to her dismay, the money she has saved up isn’t enough to get the three of them to the capital. Instead, they head for Torres where Karina bumps into Duk More.",https://readmanganato.com/manga-ov992178
Moscow’s Dawn,"21-year-old pianist, Lee Si-yoon chooses to die pessimistically about his life that can no longer play the piano due to an accident, but he wakes up as Tatiana, a girl from a wealthy family who speaks a foreign language that he cannot understand. Is this a God-given opportunity? Or is it a curse? What's the big deal with the gender change? As long as your hands are intact, you can play the pia More.",https://readmanganato.com/manga-lj989192
To possess the Heavenly Body,"Both the immortal emperor Xia Guixuan's generation and his old nemesis were injured, so he withdrew to the core of a distant planet in the universe to recover his wounds. The fairy spirit flowing from him gradually modified the planet's atmosphere, and it became a livable planet with ample aura.To cultivate and establish their own civilization, the original creatures began to change into humans. H More.",https://mangakakalot.com/manga/np929303
Thank You for Your Betrayal,"“In the house of Count Lakers, it seems that you possess the most exceptional superpower. Perhaps that is the reason why you must die…” The confession she had heard from her husband at the moment of her death was shocking. Irina, who miraculously returned from death, decides to find a way to escape from her family’s clutches and steal a night with Duke Ian Lancaster… More.",https://readmanganato.com/manga-tk996493
Please No Cure For Me,"Kayan is a villain. His task is to be a whetstone for the male lead, to make him a suitable male lead. However, the male leads he met were all defects. They all lacked motivation. Even when they had him under their feet, they were indifferent. So Kayan changed his strategy. He worked hard to bond with the male lead, and after gaining their trust and affection, he suddenly turned hostile and betray More.",https://mangakakalot.com/manga/to929556
Reincarnation of the Suicidal Battle God,"A time travel action fantasy of the strongest of mankind. “Even if the disgusting gods gave me this chance, an opportunity is still an opportunity. Since they want to end up dead, I will kill them.” The last survivor of mankind, Zephyr. The fight with the demons ended in defeat and the gods gave him a chance to go back 10 years in time. The demons who took everything away from humans a More.",https://readmanganato.com/manga-lu989229
Realm of Queen,"/ - -Drake, a pirate called the black dragon of the sea. While plundering a merchant ship in Spain, he got on board the ship Elizabeth I was on. Unable to satisfy his desires, he pursued gold and silver treasures. When he saw Elizabeth I, he felt his heart beating and he was delighted so they planned to get the Queen of England. Queen Elizabeth I noticed Drake's abilities. In return for giving More.",https://readmanganato.com/manga-ng991289
Miyori no Nai Onnanoko,"Anyway, I'm gonna dote on her. More.",https://mangakakalot.com/manga/zw930084
"Even Though I’m the Villainess, I’ll Become the Heroine!","I wasn't able to overcome the harassment and took my life, but I was reincarnated with the perpetrator? The perpetrator is the heroine, Florre, and I am the villainess, Dahlia, who's going to die horribly. “They said you are a villain with neither blood nor tears, but unlike the rumors, you often shed tears.” “Your Highness must believe all the nonsense the idiots are tal More.",https://readmanganato.com/manga-lf989140
Return of the Mad Demon,"Return of the Mad Demon is a Manga/Manhwa/Manhua in (English/Raw) language, Manhwa series is written by Updating This Comic is About
A man who's crazy about martial arts, the Mad Demon Lee JaHa. After stealing the Demonic Cult Leader's Heavenly Jade, he fell down a cliff while being pursued. After thinking everything was over, he opened his eyes, having returned back to a time he was More.",https://readmanganato.com/manga-mk989445
"Oh, Be Patient My Lady!","Rose, the lord of a small and poor territory, White. She just wanted to eat well and live well with the residents there, but all of a sudden, there's an increasing surge of immigrants moving in from other areas, and they're getting caught in incidents?! The delightful romance fantasy of Rose, a strong and capable lord, and the great Archmage Yggdrasil, who wants to secretly hide her in the More.",https://readmanganato.com/manga-ln989196
Demonic Master of Mount Kunlun,"The True Heavenly Demon served as the young leader of the Demonic Cult for 100 years because his father, the Cult leader, lived a long life.
However, after inheriting the Cult Leader’s position, which he did not desire, he died after just one year.
But when he woke up, he was now a baby!
He was abandoned on the roadside, but he was picked up by a Taoist from Kunlun, a sect belonging to the justice More.",https://readmanganato.com/manga-po992723
I Became the Ugly Lady,"Of all things, I possessed an ugly noble lady.
For the sake of receiving the attention of those who despised her, Sylvia Atlante, in the midst of all the ridicule and disrespect, made herself known as the “ugly lady”.
However, one day, I happened to possess Sylvia’s body, who drank poison and ended her own life. I didn’t want to live like her.
“I&rsq More.",https://readmanganato.com/manga-jb987336
My Eunha,"A devastating accident lands Eunha Seo in the hospital. Mysteriously, she wakes up 12 years younger in her 22-year-old body. Life has given Eunha a second chance, but this is not the life she remembers. Memories blur with reality as she navigates the unfamiliar friendships and romances of this parallel time. Like a surreal game of “what if?,” Eunha is torn between the excitement of a n More.",https://mangakakalot.com/manga/hb924801
Doushitara Osananajimi ♀️ no Kanojo ni Naremasu Ka!?,"High schoolers Minami Ikoma and Yuzu Makita have been childhood friends since grade school. Since their parents are friends, they have always been together. However, as Minami sees her friend get confessed to, feelings in her own heart start to sprout. A romantic comedy of two childhood friend starts. More.",https://mangakakalot.com/manga/zj930147
Isshiki-san wa Koi wo shiritai.,"A maiden who doesn't know what love is tries her hand at dating as a pseudo-couple! Inspector Rinna, who is respected by everyone as a hard-working and serious policeman, seems to be having trouble with her work lately. The reason for this is because she loses focus. It only happens when Meishi, the detective she works with, is around… So, she makes a choice…? - (https://twit More.",https://mangakakalot.com/manga/qf929097
Did You Reject Mr.Lu Today?,"Gu Yixue fell into the trap laid by the commercial male god Lu Liyang and had to be the little wife of the overbearing president. Unfortunately, she is not a poor and obedient little white flower! Want to tame her? Might as well  just turn around. But She will tame this beast! More.",https://mangakakalot.com/manga/yq927674
Aristité was Blessed with a Curse,"In the Kingdom of Strandeon, one man from each noble family is required to serve in the Order of the Royal Vine, and Aristit is chosen to fulfill this duty for House Theseus. One day, while the order is carrying out a mission, a witch places a curse on Aristit, saying that he'll lose something important. Everyone in the order thinks that this curse is what transforms Aristit into a woman, but More.",https://readmanganato.com/manga-pu992703
Oukoku no Ko,"{Paradise Love Scanlations}
One country‘s cruel custom: “leading the life of a stand-in……“. Away from the center of the city in a theater, an actor, a boy called Robert, is asked to become the stand-in of Elisabeth who has the right of succeeding to the throne. “I will definitely survive and come back－“. Is Robert to be swallowed by the things to come as the wheel of fortune starts to spin? Decei More.",https://mangakakalot.com/read-kqmad11151f1688033992
The Game That I Came From,"If you max out your level in-game, you can get heaven-defying powers in real life?! Player Ling Ce finally obtained this reward through his hard work but ended up receiving the most useless skills. Just as he was mourning his luck, a mysterious power brought him back to three years in the past. With the experiences and memories of his previous life, how many different wonderful things can he bring More.",https://readmanganato.com/manga-la988935
From Maid to Queen,"Urania was just a lowly maid until she captured the attention of King Kraus III and became his concubine. The nobles and the other maids, however, despised their love and dragged Urania down. Heartbroken and at her wit's end, she was ready to accept her death, but then a mysterious entity returns her to her past when she is still a maid. With her second chance at life, Urania is determined to beco More.",https://readmanganato.com/manga-pt992602
My Sister's Happy Ending,Yoon Bom-bit loves one thing above all else – dating simulation games. Her most recent obsession? A feudal-era game called “The Lonely Hawk Sings in the Absinthe-Colored Cage” starring Anette De Valois. Bom-bit would do anything to give Anette the happy ending she deserves…but her plans are consistently ruined by Mariette: Anette’s twisted stepsister who leads Bom-bit to getting a bad ending over More.,https://readmanganato.com/manga-qp994050
Moon of the Devil World,More.,https://readmanganato.com/manga-qt993854
Can We Become a Family?,"""Navia Agnes"", adopted to marry the Crown Prince on behalf of Duke Agnes's daughter with a time limit.""I really want to be family.""Navia, who held on to her family's affection, did her best to become an Empress even while being abused. However, once Vivian, the Duke's real daughter, is cured, she is abandoned by her family.No, it would be right to say that she was abandoned on all occasions.""Just More.",https://readmanganato.com/manga-mr989752
I Became the Villainess in an Anticlimactic Novel,"I became the villainess of the novel I was reading, but that novel…
…had just about the most anticlimactic ending imagineable.
After a long and slow romance development, the empire was suddenly destroyed by a demon on the wedding day of the male and female lead!
To hell with the original story!
First of all, I have to try and survive, so I want to flee to the neighbouring country, but then…
“ More.",https://readmanganato.com/manga-pf993088
Dororo Re:Verse,"Born in the age of the Japanese civil wars, ""Hyakkimaru"" had his body stolen from him by demons.He hunts for the demons who have fragments of his body and recovers his body bit by bit.Having lived till the present day chasing after demons in the city's shadows, Hyakkimaru is one day seeked out by a childRoro, a girl who holds a fragment of Hyakkimaru's body despite not being a demon.Under a contra More.",https://mangakakalot.com/manga/sa930890
Batuque,"The story of a middle school girl trying to find herself in the confusion of adolescence.Skateboard-loving Ichiri Sanjou, nicknamed ""Icchi,"" may look like a normal energetic kid, but whenever she sees the full moon, she is hit with a wave of emotion she cannot comprehend.The series revolves around her learning the Afro-Brazilian martial art of Capoeira. More.",https://mangakakalot.com/read-xx8jp158504949818
Samwol Kim the Coffee Fox,"Fantasy romance over a cup of coffee. Samwol, a nine-tailed fox, unwittingly turns into a human after eating her thousandth liver in an attempt to become a mountain g**. After descending the mountain, she meets Jongman, who employs her as a part-timer at his caf. Can romance blossom between these two ""humans""?Coffee Fox Kim Sam-Wol / Coffee Yeou Gimsamwol / Gumiho Caf / La kumiho barista Samwol Ki More.",https://mangakakalot.com/manga/an933827
The Sacrificial Princess,"“You, who has always been useless all your life, can now be useful for once.” Ludis, an illegitimate child of the Emperor, was always abused by her own father due to her lameness and uselessness. She was offered to an ancient god so as to save their Empire that was currently in crisis. In the midst of offering herself, a man approaches her. ‘Who would have thought that I'd di More.",https://readmanganato.com/manga-ly988907
Tales of Demons and Gods,"Nie Li, one of the strongest Demon Spiritist in his past life standing at the pinnacle of the martial world , however he lost his life during the battle with Sage Emperor and the six deity ranked beast, his soul was then reborn back in time back to when he is still 13. Although he’s the weakest in his class with the lowest talent at only Red soul realm, with the aid of the vast knowledge whi More.",https://readmanganato.com/manga-ax951880
I Picked Up An Attribute,"The gaming emperor Feng Xia accidentally travelled into the era of magic and cultivation, attributes’ abilities and strategy can be used to defeat his opponents and each time he defeats his opponents, he can obtain the skills and attributes of the enemy, turning the world with each battle! There are also many beautiful beast-women in the world, Feng Xia destroyed the opponents with so called More.",https://readmanganato.com/manga-ht984828
Ura Baito: Toubou Kinshi,"Ura baito, also known as a shady part-time job. A gray area job that pays very well. The price you pay is your life. Yume Kokuryo and Nagomi Shirahama are seeking a large sum of money for some reason. To that end, they casually dive into various shady part-time jobs. This work may affect you physically and mentally. Read it at your own risk. We are not responsible for any damage to your More.",https://mangakakalot.com/manga/ry928856
The Villainess Wants to Die Gracefully,"Read manhwa The Villainess Wants to Die GracefullyWanting to die, he jumped off the bridge and became a vampire who lived forever. The strongest vampire who appears as the villain in the novel. Are you kidding?' No, wait? Wouldn't it be easier and quicker to die if you pave a flower path for the vampire hunter Namjoo? First, let's start with the ruined Namjoo family.' With overflowing time and mon More.",https://readmanganato.com/manga-sl996294
Full Metal Panic! Another,"From MangaHelpers: This is another story in the Full Metal Panic universe, set ten years after the events with Sousuke and Kaname. Ichinose Tatsuya is a pretty normal high school boy, who lives with his father and little sister Yukari. He has a tendency to fall in love with foreign women, which has never turned out well for him. One day, while up in the mountains driving a Power Slave to help out More.",https://readmanganato.com/manga-qk953019
Twincognito Romance,"Lee Haeun's peaceful life fell into pieces the night her twin Chaeeun disappeared without a trace. With no way to contact her sister and rent to pay, Haeun has little choice but to go to Chaeeun's company, disguised as Chaeeun herself! Things get even more complicated when she falls for the aloof Oh Joowan, her sister's colleague and mortal enemy! Will Haeun successfully dupe everyone, including h More.",https://readmanganato.com/manga-pj992766
Hanninmae no Koibito,"One day, when I was making school supplies in the art room, a very scary-looking girl was staring at me...!? Crafts girl vs. art boy romantic comedy!! More.",https://mangakakalot.com/manga/co933720
Carnephelia’s Curse is Never Ending,"Princess Carnephelia was unloved and neglected until she met Helis, her first love. However, under the evil plots of her stepbrother Prince lanfried, she ended up destroying the only boy she ever loved. Devastated by what she had done, the princess swears revenge... even if it entails her life being cursed for eternity. / The Curse Is Not Over More.",https://mangakakalot.com/manga/ze933826
Endless devourer,More.,https://readmanganato.com/manga-pv993004
A Morning Kiss at Tiffany’s,"The building was taken away by her first love. Yu Hari, the owner of the “Tiffany” building in Cheongdam. Eunho, her first love who came back after 5 years, pushed the transferring registration paper in front of her. “Ah, the name of this building has changed since yesterday to Cha.Eun.Ho.” Thus, Hari went from being a building owner to a homeless person overnight. “F More.",https://mangakakalot.com/manga/le927343
Beast Familiar for All: Beginning Awakening of Mythical Talents,A soldier reincarnated into another world would he be able to reach the top or would he be left behind as others move forward or would his arrogance cause his destruction. More.,https://mangakakalot.com/manga/pq931133
Fight for My Way,Don't settle. Fight for your dreams! Dongman dreamed of becoming a national taekwondo athlete. Aera wanted to become a successful news anchor. But who has time for childhood aspirations when there are bills to be paid? Follow Dongman and Aera in their fight to find love and success within the harsh realities of life. / ! / Ssam My Way More.,https://mangakakalot.com/manga/sr933968
Under Ninja,"Even in this day and age, Ninjas walk among us, hide within plain sight, still waiting for their mission orders. However, for some, it takes much longer to receive orders than others! Meet Kumogakure Kurō, a NEET and a Ninja. After being a long time without work, he finally receives orders from the higher ups!
More.",https://mangakakalot.com/manga/under_ninja
Samurai in Another World,"The strongest swordsman of the Warring States period, transferred to another world.
At the end of the Warring States Period, Ginko, the greatest swordsman of the time, was always hungry for a fight to the death with someone stronger than herself. After cutting and cutting and cutting, she finally despairs that there is no one stronger than her in this world, and then she is transferred to another More.",https://mangakakalot.com/manga/dv934507
Gu Bae's life reversal,"He enjoys a promiscuous dating life, but is a sincere and ordinary high school teacher. One day, a blonde mafia'Yuan' is standing at the screaming of his younger brother Eighth heard over the handset... . Gu Bae's future, who wanted a normal and quiet life...?
More.",https://mangakakalot.com/manga/ny926406
Young master is too Righteous,"Young master is too Righteous manhua, The villain traveler, the son who's an example of justice was possesses by him! Get the cheat system, but, later he found that the system is actually a villain training manual! How to choose between good and evil? Do justice, or act evil? Still only kids make choices, I will do both! More.",https://mangakakalot.com/manga/ie933824
I Became the Beastman’s Wife,"During her nightly programming session, Yin Zhu suddenly died and was transmigrated into a world of beastmen. She found out that the original owner of her new body drugged Teng Xiao Her social awkwardness caused everyone to misunderstand her. She claimed to be uninterested in love and only cared about her career. From then on she used the system she created to help her tribe rise to the greatest f More.",https://mangakakalot.com/manga/fa929903
Weak-kneed Teacher,"It's the start of a new school year. The new homeroom teacher for Abikura-kun, a second-year high school boy, is Hiyori Uwamura, who is known as a ""Scary Teacher"", rumored to curse you if she gets offended!
One day after school, Abikura-kun witnessed the other side of ""YowaYowa-sensei""... and he is shocked by the gap between reputation and reality! The opening of a romantic comedy that will stir More.",https://mangakakalot.com/manga/cs934504
Devil at the Crossroads,"An accidental deal with the devil goes awry.
Veterinary student Yoon Ha discovers he has a fear of blood! To solve his problem, he makes a deal with the demon Samael in exchange for his soul, which goes terribly wrong. Now Yoon must help Samael recover his demonic powers... but evil spirits keep showing up, lusting after Yoon's body?! More.",https://readmanganato.com/manga-rd994986
The Empress with No Virtue,"Ye Zhenzhen—is the Royal Secretary’s legitimate granddaughter. Set to become the Empress through a marriage against her will, Ye Zhenzhen would soon be the Great Wife to the playboy Emperor, Ji Wu Jiu. But… “This damn woman.” On their very first wedding night, she kicked the Emperor off the bed and he sought out his concubine instead! Ever since then, making trouble More.",https://readmanganato.com/manga-km988047
My Damned XXX,"What does it take for a guy to get laid, you ask? Well, a hell of a lot of tries is the answer. Lee Si-hyeon is a 21-year-old virgin who has been in the bottom rungs when it comes to getting laid—and it’s not the kind of bottom he aspires to be. After four failed attempts at having sex, Si-hyeon’s fifth attempt is finally successful. Kind of. He wakes up in bed with his former-ch More.",https://readmanganato.com/manga-ps993127
From Misery to Majesty,"Read Manhwa on WARNING:, the largest English comic websites has just updated the latest chapter of manhwa ""From Misery to Majesty""Summary:""Wh-what are you going to do with me?"" ""You'll be our sacrifice to the river g**."" Born as an untouchable, Lisha's life has never been easy. Her misery peaks when she is about to be thrown into the river, but suddenly a man appears with a flash of white light in More.",https://readmanganato.com/manga-ts996975
Salvos (A Monster Evolution LitRPG),"The Netherworld: A world inhabited only by Demons, creatures born from the dark abyss. For Salvos, a curious newborn Demon with a penchant for making friends, surviving this hellish landscape was always going to be a difficult task. And when her companion's life is threatened by a mysterious Demon King, she'll have to adapt, gain experience, and evolve to do what it takes to save him. Even if it m More.",https://readmanganato.com/manga-tr996974
Heart Demon,"Li Yunxin is a human being, but what he does is comparable to a demon. A psychiatrist in the previous life, in this life he was reincarnated as a painter who can manipulate spells, but what he can manipulate most is the human heart.Was chased and killed by Taoism, and made friends with demons.Whether it is a human or a monster, they will eventually become Li Yunxin's chess pieces.Even the black an More.",https://readmanganato.com/manga-tp996972
I’m The Princess of All,"Read manhwa I'm The Princess of All / It's a place where you dream of being horribly murdered by Your Mother.I thought it was a dream, but it also happened in reality. To survive, I decided to make a different choice from my dream.The only way to survive is to meet the Empress, but the only one that I encountered was my half-brother, the Crown Prince, Rudan. When I thought I was wrong, he reached More.",https://readmanganato.com/manga-to996971
No Arguing With Mr. Mo,"No Arguing With Mr. Mo manga read online on mangabuddy.meMale Secretary's Missions / Nan Mishu De Shiming / Nn Msh De Shmng / Xiao Nuo, better known as Secretary Xiao, is the dedicated and hardworking secretary of Mo Yanchuan. Mo Yanchuan, better known as President Mo, is the cold and aloof president and heir of Mo Electronics Group. Constantly being scrutinized and nitpicked at, Secetary Xiao is More.",https://readmanganato.com/manga-tn996970
Obey Me,"At that time, she was unilaterally dismissed by the crown prince and was free to go on her own journey.
""Hi."" Someone woke her up.
""I am Nathaniel,"" he said. ""People here call me 'The End'.""
A beautiful man, like the king of winter, smiled broadly and arrogantly.
“Let me out.”
Nathaniel stre More.",https://readmanganato.com/manga-kj987944
Imouto ni Kiiteminai to,"Fukumori Daichi, who will be in his 2nd year of high school this spring, has lied that he has a younger sister in order to have a topic of conversation with a girl he has a crush on. Just when Daichi was about to tell the truth, a mysterious beautiful girl who calls him ""Onii-chan"" appears!
Daichi is surprised to see his sister who came out of a lie, but an even more startling situ More.",https://readmanganato.com/manga-qe993387
Pygmalion,"At the National Local Mascot Festival, children all across Japan can meet their favorite local mascots. But as the festival gets underway, it becomes clear that what's inside these costumes aren't people - they're something much darker, with a taste for human flesh. Amid the chaos spreading through the entire country, Keigo Ayahara, his little brother Makoto, and his friend Ako must no More.",https://readmanganato.com/manga-ty971281
Sanda,"The story starts with Sanda, a second year middle school student, getting attacked with a kitchen knife by his classmate Fuyumura. While Sanda couldn't make sense of the situation at first, he gradually came to believe that Fuyumura's actions were just mean acts stemming off from the latter having a peculiar puberty phase.    But that is all a misunderstanding. Fuyumura actually suspects t More.",https://mangakakalot.com/manga/sb927392
The Widowed Empress Needs Her Romance,"Our Female Lead was forced to replace her sister's place and become concubine to an elder Emperor. However, on her first night at the palace, the Emperor drops dead from poison, right at her feet! The Emperor's son witnesses this and strikes a deal with her, asking her to claim that his father's last wish was to pass the throne to him, and he will allow her the seat of Empress Dowager! Shocked and More.",https://readmanganato.com/manga-pa993135
A Fake Princess’s Survival Diary,"A Fake Princess's Survival Diary manhwa, , Surviving as a Fake PrincessMany people imagine living the life of a hero/heroine within their favorite fantasy novels. However, what if you wake up in the body of the main villain/villainess instead? Our main character goes through a seemingly fatal air crash and wakes up in the body of Letisha de Arcadia, the main villainess within her favorite fant More.",https://readmanganato.com/manga-pb992658
Haitteru...! Otto no Me no Mae de Aragaenai Netori Esthe,"""No! I don't want to cum anymore!"" My husband is at the other side of the curtain, but my oiled, sensitive body can't resist those forceful hips + More.",https://readmanganato.com/manga-tm996969
I was Reborn as a Housekeeper in a Parallel World!,"Erena, a high school girl, died in a fire... but she was reborn in a parallel world! She now works as a housekeeper for a wealthy elderly couple, using the housekeeping skills she honed in her men-only family. One day, the elderly couple move in with their son, but his house is the royal castle! The couple were actually the retired previous King and Queen, and their son is the King! Can Erena's ho More.",https://readmanganato.com/manga-on992348
Baked by the Baroness,"When hapless aspiring baker Ally dies and is reborn as the villainess Nannette, she finds herself in the middle of a web of spies, lies, love affairs, and lemon squares. And that's before Nannette's super-hot husband decides to rekindle their failing marriage! Will a spoonful of sugar help the espionage go down, or will Ally realize she's in over her head too late to save her neck? More.",https://readmanganato.com/manga-ss995375
Moonquake,not found... More.,https://mangakakalot.com/manga/ks934499
My Hubby’s Stalker,"The owner of an online fashion store, Jin Yoon's the total package. She's got beauty, brains, money, and even fame. But due having her heart broken in the past, she no longer believes in love. But one day, she meets Suho and her heart melts. They soon get married, but Yoonjin realizes her marriage wasn't all it was cut out to be.My Husband's Stalker More.",https://readmanganato.com/manga-sc995685
The Raven Duchess,More.,https://mangakakalot.com/manga/ud926766
We Only Guess Each Other,not found... More.,https://readmanganato.com/manga-tk996967
The Psycho Duke and I,"Read manhwa The Psycho Duke and IThe Duke just kidnapped her but little does he know, this is all going exactly according to her plan When Diana initially lets herself get kidnapped by a bloodthirsty duke from an enemy empire, it's to avoid a certain death that will reduce her character's significance to nothing. Although the duke doesn't realize that she's enjoying her captivity, he's also not a More.",https://readmanganato.com/manga-rt994776
Hwang Young's Misery,not found... More.,https://mangakakalot.com/manga/ym934497
I Will Take The Duchy From Today,"Read manhwa I Will Take The Duchy From Today / I'll be Taking Over this Duchy / I'm a princess?Lucia Arpegio was the most powerful wizard ever.However, she abandoned all of her power and duty because she was a terribly greedy woman, and ran away at night with her best-looking gardener.And their daughter is me!Strong mana is the evidence of noble blood and pride.But in the Empire, the wizard's b More.",https://readmanganato.com/manga-ti996965
The Eccentric Duchess,"The Eccentric Duchess manhwa, It's your typical otome reincarnation story! But the capture targets are gay and our protagonist isn't the brightest Oh to be reincarnated as Rhiannon Leavitt, otome game heroine living in the lap of luxury with hot guys at her beck and callif only this weren't the BL bootleg starring her naive twin brother, Claus! Rhian, a lonely deadbeat in her past life, must use h More.",https://readmanganato.com/manga-th996964
The Superheroes of Class F,"Can't be the superhero? Be the supervillain.Welcome to Leaders Academy for the Superhumanly Gifted! As Korea's most elite superhero institution, we aim to bring out the best in our students and encourage them to use their powers for the good of Pardon? Class F, you say? Apologies, but we don't talk about Class F here.The Superheroes of Class Fmangabuddy is a website dedicated to fans of anime, , , More.",https://readmanganato.com/manga-tg996963
My Husband's Scandal,"Read manhwa My Husband's Scandal / / / / / Jung Seohyun has just about had it with married life. She wants nothing more than to divorce her cheating husband, Ma Kijin, and move on from their loveless marriage. All she needs is his signature on the divorce papers, but next thing she knows, Kijin has gotten into a major car accident. And to top it all off, it seems he's forgotten everything ab More.",https://readmanganato.com/manga-te996961
Survival Story of a Sword King in a Fantasy World,"Ryu Han-Bin was a normal person who just had been discharged from his mandatory military service, when he was transported to another world. Left to fend for himself, he was given the goal of surviving and growing stronger in a desolate world riddled with monsters. The problem is the 'Guideline' that was supposed to be his guiding system to survive is filled with errors. More.",https://readmanganato.com/manga-gt984176
To deny the route,not found... More.,https://readmanganato.com/manga-td996960
"Reincarnated Into A Warlock 66,666 Years Later","The most dominant warlock, Diablo Volfir, eldest son of Earl Welton was sealed away in uncertainty for eons by all twelve gods. It's been 66,666 years later, Diablo was released and descends back onto earth! “I'm free!” Let our journey begin!
Reincarnated Into A Warlock 66,666 Years Later / 66666년 만에 환생한 흑마법사 / A warlock reincarnated after 66666 years / A Black Wizard Rei More.",https://readmanganato.com/manga-ld989260
Gaechaban,"The obsession of a young man, who is neither afraid nor guilty of risking everything to find his stepfather. This is a dangerous love story between two men, desperately struggling to find balance in their ""toxic"" relationship. More.",https://readmanganato.com/manga-qh993464
Sora wo Matotte,"A high school student, Haro Ogawa, is a self-taught oil painter who is trying to paint the ultimate nude. After an encounter with a ""witch,"" he sets his sights on applying to art school...? The mystery that resides in the human body, the ultimate ""beauty"" is painted on canvas! A skin-colored coming-of-age drama! More.",https://mangakakalot.com/manga/hl934294
Once Upon a One Night Mistake,"Taeri's been conservative down to the bone since her childhood. Her one and only hobby? Watching American shows on N*tflix.Spending her days as a repeater preparing for her college entrance exams, she one day wakes up to find herself the female protagonist of a teen drama with the help of a modern version of a fairy godmother.But her happiness is short-lived. She soon realizes she's jumped into a More.",https://readmanganato.com/manga-qq993699
Only Hope,"The night she witnessed her beloved husband involved in a murder, Eun-hye was murdered and time travelled nine years back to the day she first met him.Will she be able to put a halt to her husband's horrific killings?And, more importantly, will she ever be able to love again? More.",https://readmanganato.com/manga-pj993192
Between Yearning and Obsession,"Julia, a lowly servant from the marquess' estate, has no idea how she lost the ability to speak. With no memories before the age of twelve, she's simply been told a certain incident traumatized her. While everyone treats her harshly at the estate, Julia has been able to barely survive with the help of Camille, the second son of the marquess. Camille even helps her speak again using his special pow More.",https://readmanganato.com/manga-pd992838
I Love Yoo,"Dogged by pain and misfortune from the very beginning, Shin-Ae decides she wants nothing to do with people nor anything to do with romance. Although content with her unsocial, boring, loveless existence, her lifestyle is challenged after she ruins an unsuspecting strangers' clothes.
More.",https://readmanganato.com/manga-cv980278
The President Is Too Hard To Deal With,"Sophia's marriage life had never been about tranquility and happiness but betrayal of her husband and abuse from his family. She chose to put up with it all for the sake of her own family. After three years of torture, she finally decided to give her husband a taste of his own medicine by sleeping with a random man. However, she never expected that the man she messed up with was someone not to More.",https://readmanganato.com/manga-tx996506
My Giant Nerd Boyfriend,"A height difference of 30cm and above might seem adorable to some, but it usually causes a lot of minor inconveniences. Follow Fishball as she navigates the Malaysian life with her 199cm-tall, geeky boyfriend. More.",https://readmanganato.com/manga-yw975431
"Because I Don’t like to be annoyed, so I added all Agility Attribute","God gave me a system, but why should i be a hero? Of course i will just have a good life of lying down and relaxing! More.",https://mangakakalot.com/manga/gj932140
The Werewolf Is Mine,"Read The Werewolf Is Mine free onlineThe two biggest companies in town are run by a werewolf and a vampire, who also happen to be childhood friends. The werewolf has been in love with the vampire for 15 years, and he decided to take their relationship to the next level, by volunteering to be an assistant / slave to the vampire More.",https://readmanganato.com/manga-tc996959
Housekeeper,"In the near future where Android (A.I) becomes common among humans, a virus outbreak suddenly occurred, turning over 70% humanity into zombie-like ""Creatures."" The A.I soon break away from their infected owners since they're not programmed to recognize ""Creatures"" as humans, but one of them, the housekeeper Hasty, acted otherwise when her infected young master, Neville's final words struck somethi More.",https://mangakakalot.com/read-qr2tj158504954779
Himegasaki Sakurako wa Kyoumo Fubin Kawaii!,An average romcom told from the perspective of the losing childhood friend.  Other things happen as well. More.,https://mangakakalot.com/manga/pr924292
Ouji to Himegoto,"The ace of the female volleyball club, Touka Ayame, is tall and neat and is called ""prince"". But this prince has a hobby that can't be shared with others...Actually, I like naughty TL (Teen Love) novels! There's one more thing that I can't tell anyone about... I'm a little worried about Asagi-senpai, who is also a member of the library committee... He doesn't call me a prince, he treats me like a More.",https://mangakakalot.com/manga/pp933436
Skeleton Soldier Couldn’t Protect the Dungeon,"Meet the Skeleton Soldier, a meager but fiercely loyal fighter who serves to protect its master, Lady Succubus. Its dream of a peaceful life with her is shattered when they're both brutally murdered by a group of warriors one day. But what would've been a pathetic end to an unremarkable soul sparks a new beginning: when the Skeleton Soldier opens its eyes again, it has traveled back 20 years in ti More.",https://readmanganato.com/manga-bu979277
Double Marks,not found... More.,https://readmanganato.com/manga-tb996958
Overpowered Healer,"Summoned to another world and living as a mediocre healer, Sido, by a stroke of luck, begins to hear the voices of the gods. It turns out that the gods have been playing a long-term game with humans?! More.",https://readmanganato.com/manga-tf996688
Love Trap「Official」,not found... More.,https://mangakakalot.com/manga/uq933308
The Tutorial is Too Hard,"Gandara's fusion fantasy novel, 'The Tutorial is Too Hard', is now here as a webtoon.
One day, amidst a boring life, an invitation message appears before my eyes.
Following it is a difficulty-selection window.    . I select hell-difficulty without hesitation.
And I regret it.
I know it said hell-difficulty, but this is More.",https://readmanganato.com/manga-kt987876
Crush and Burn,".Ken's life is ordinary. He's a former orphan, he works as a server in a pub, and he lives on the outskirts of Aman, a religious nation free from the influence of vampires. Then one day, Ken is bitten and cursed by a vampire, and is only saved from certain death by Agia Frederick, a powerful disciple of the Church. However, freeing Ken from his curse requires a physical intimacy with Agia, who see More.",https://readmanganato.com/manga-pn992948
Fire Flower Dream,not found... More.,https://readmanganato.com/manga-ta996957
"A Master, Who Woke up as a Concubine","Synopsis A Master, Who Woke up as a ConcubineThe strongest in murim, Cheon Nyeon-bi. She was betrayed by her lover and met a tragic death, but soon after, she woke up in a concubine's body.She was only confused for a moment. Cheon Nyeon-bi, who was satisfied with life at the palace, decided to live a comfortable life as a concubine.""I have to do the thing with his majesty?"" To satisfy her duties a More.",https://mangakakalot.com/manga/jm934487
My K,not found... More.,https://readmanganato.com/manga-tu996955
To Have an Affair With Someone,"Read Manhwa on WARNING:, the largest English comic websites has just updated the latest chapter of manhwa ""To Have an Affair With Someone""Summary:Scarlett, who grew up to be an obedient daughter all her life. She had gone to the capital to marry Duke Huntington on her father's orders. But his fianc already had a mistress, and Scarlett was only chosen as a cover to hide between the two. The day be More.",https://mangakakalot.com/manga/sp934485
One Of A Kind Romance,"Gong Yoo-Il is an aspiring writer on the hunt for a job and a die-hard fan of the idol, Ryu-Min. Tak Moo-Yi is a top actor with legions of fans. Add a mysterious stalker, and chaos ensues. This is the story of a one-of-a-kind romance!
More.",https://readmanganato.com/manga-bb979210
Final Boss,"A legendary gamer chosen by AI, Captain of Engineering. Trapped in the game, he is doomed to be the final boss.But it looks better than I thought! More.",https://readmanganato.com/manga-mr990052
Rebirth,"From Tokyopop: Three hundred years ago the Dark Magician Deshwitat Lived Rudbich, a vampire, was sealed in limbo by the Light Magician Kalutika. Resurrected in the present day, Deshwitat has vowed to destroy Kalutika, and now, with the help of a team of spiritual warriors, seeks the means to use Light Magic to achieve his ends. More.",https://readmanganato.com/manga-qg968241
Onna Kishi to Kemomimi no Ko,"A different world where demons are rampant and murderous. Olivia, a female knight, lives with her apprentice Noah, an animal eared child. A tale of a master and apprentice growing up, adventuring and being healed by the strong bond between each other. More.",https://mangakakalot.com/manga/ip929112
The Daily Life of Master & Hatsune Miku,More.,https://mangakakalot.com/manga/zn929692
Deliberate Scandal,"Read manhwa Deliberate Scandal / An Intentional Scandal / / / In an office full of complicated romances, Lee Jaehee's work life has been he**. It doesn't help when her good-looking best friend, the former pro gamer Shin Seonjae, starts working on her team and earns a lot of unwanted attention. As rumors about him abound, ghosts from Seonjae's past come back to haunt him, and Jaehee is eager to More.",https://mangakakalot.com/manga/jc934484
SOULWINDER,"In a city of clockwork, the worst day of Lyllian's life ends in tragedy: Her date murdered by a warrior who shouldn't exist. As Lyllian's own fight for survival unravels the mystery of her world, she learns of those known as SoulwindersWhose powers have the potential to recover what she lost. Remember DON'T CALM DOWN! More.",https://readmanganato.com/manga-pa992509
Zodiac: Twelve Souls,"In a world where the strong eat the weak, the powerful Shou Clan hunts the Chu Clan without mercy, while the steadfast Chu Clan refuses to stop fighting for survival. Their war has spanned over a hundred years, destroying the livelihoods of people of all clans. In an effort to break this cruel cycle, a group known as ""The Zodiac"" begins to assemble... More.",https://mangakakalot.com/manga/zodiac_twelve_souls
Space Ape Gori vs. Spectreman,"(from ebookjapan):A digitally remastered version of the legendary SF manga by ""Soji Ushio"" the founder of P-Production, which has produced numerous tokusatsu works, and ""Daiji Kazumine"" a master of manga! Gori the Space Ape Man, an evil genius scientist banished from Planet E for treason, arrives on Earth. Gori is fascinated by the beauty of the Earth, but he is outraged when he sees the p More.",https://mangakakalot.com/manga/kt932010
Heartrate Presto,"21st century's most successful chef, Roman Brenon. The one who saved him was unknown pianist, Yuri Jung's music, when he was suffering due to the side effect of an accident. But unfortunately he can never play the piano in front of people again because of his illness, when he finally found him.But the moment he was rejected and going to give up, he realized. He was endlessly captivated by him.+ More.",https://mangakakalot.com/manga/vw934483
Rebirth-69michi,"Updating
More.",https://readmanganato.com/manga-ga984209
Blue Matter,"Society has risen into the sky with beings known as Angels. Capable of wielding a powerful element, Angels use this incredible ability to combat the threat of mindless killers Demons. But one choice may change the course of the world when Shinsa, a completely cognizant Demon, is spared by the high-ranking Angel, Astler Leidt.mangabuddy is a website dedicated to fans of anime, , , , video games, a More.",https://readmanganato.com/manga-pv992504
Save my love,"[Jiang Yunshu X Bai Tang] A handsome doctor died suddenly on the operating table after performing an operation for 18 hours. When he woke up, he found himself wearing an alpha body. There was a poor omega lying beside the bed, and when he woke up, his little face was white on white! But fortunately, Jiang Yunshu is very patient, and as a doctor, he can slowly bring this beautiful but broken omega More.",https://readmanganato.com/manga-qu993555
Amid the Changing Seasons,"As the seasons pass, we meet, we part, and we find love in all sorts of places... This love story began in a cafe. Have you ever run into someone you know at an unexpected place? Maybe it’s your friend or a friend of a friend? Our lives intertwine and connect as we live our stories filled with love and pain. Imagine yourself in a cafe enjoying a meal or sipping a cup of coffee and getting lost in More.",https://readmanganato.com/manga-qx994232
I Thought It Was a Common Isekai Story,"Read Manhwa on WARNING:, the largest English comic websites has just updated the latest chapter of manhwa ""I Thought It Was a Common Isekai Story""Summary:I Was the Villainess Who Would Die by the Hands of the Male Lead, but I Know This Clich! I thought it was a pretty good deal to die unjustly, as a payment for the price I paid for being the villainess. Until I realized that I couldn't escape from More.",https://readmanganato.com/manga-tf996614
Night Owls & Summer Skies,"Despite her tough exterior, seventeen year-old Emma Lane has never been the outdoorsy type. So when her mother unceremoniously dumps her at Camp Mapplewood for the summer, she's determined to get kicked out fast. However, when she draws the attention of Vivian Black, a mysterious and gorgeous assistant counselor, she discovers that there may be more to this camp than mean girls and mosquitos. Ther More.",https://readmanganato.com/manga-pm992695
The Goddess’s Guide to Farming,"How far would you go to convince your billionaire father that you deserve the keys to his kingdom? Smart, ambitious Seol would do just about anything, including hard labor on a farm for three months. Of course, it helps that her new boss, Bongsu, is easy on the eyes. Will Seol prove to the hot farmer that she has what it takes? Will she win the respect of her family? Most importantly, how will she More.",https://readmanganato.com/manga-sg995715
A Prenuptial Contract,"A Prenuptial Contract manhwa, The Pre-Nup Seung-Hee is young, pretty and leads her own company! The only problem is that a past trauma blocks her from getting into a relationship. One day, she learns that she is in the center of a long ago arranged marriage with the handsome and talented Han Mu-Gyeon. She has no choice but to get married, but she will leave nothing to chance and draws up a prenupt More.",https://mangakakalot.com/manga/uc928337
Revenge Love,"""Let's...go back to being just friends."" After dating for six months, Sakura was dumped by her childhood friend, Ren. She tries her best to move on, but when she sees her ex-boyfriend on her first day of high school, she realizes that her feelings for him still haven't fadedMaybe there is still a chance for them? After all, she still loves him.La venganza del amor (Tino) More.",https://readmanganato.com/manga-qn994222
I Am Selling the Main Character's Shares,"“Lorella Mayred, our sincere congratulations on becoming a main character candidate.” It was an infuriating game world where after transmigrating, a wedding ceremony took place and right after getting married, my husband went off to war. I thought about getting a divorce and living a peaceful life afterward… but what? Obsession? That’s only fun when reading about it in novels!… At that mom More.",https://readmanganato.com/manga-tx996806
The Dark Magician Transmigrates After 66666 Years,"Diablo Volfir, a mighty magician, was sealed for aeons due to the schemes of the 12 Gods, but 66666 years have passed since then, and he descends to earth once again! More.",https://readmanganato.com/manga-ly989281
Unraveling Rumors,"“Seo-un University’s D***** A* Exposed!” Dareum An goes from a goddess to a social pariah overnight, all because of those five words, a baseless rumor, and an anonymous forum app for college students called EvCam. Just when she feels ready to give up on everything, Muyeol Lee appears and offers to help her find the person who ruined her reputation. Can Dareum clear her name and regain her perfect More.",https://readmanganato.com/manga-ry994707
The Live,"Yoonjae leads a miserable life after losing his wife and daughter. Then he reads his journal from the future: ""You can see them again.""
In a parallel world, he must clock the game to win the Grail that will grant one wish.
Only Yoonjae can see the future.
Can he make his wish come true? More.",https://readmanganato.com/manga-hu985103
I’m Trapped In This Day For One Thousand Years,"I'm Trapped In This Day For One Thousand Years manhua, Wu Chen transmigrated to a new world, Got trapped on the day of July 7, 2020, Constantly reincarnating! He used to indulge himself doing all sorts of evil things while running wild in despair, but every new day, everything would start all over again. In this way, he has been reincarnated for a thousand years, and on a new day, the sun rose as More.",https://readmanganato.com/manga-qj993618
I am the supreme villain,"He crossed over and became the royal son of the Sun Immortal Dynasty. He has a Dao bone and outstanding talent. At the age of three, he took away someone else's dao bone, at the age of eight, he seized the qi of a dynasty, at the age of thirteen, he ruined the father of a protagonist Wait, wrong wrong wrong! I'm not a loser, I'm the bully! What kind of trope is this. hehe! What if I get into a fig More.",https://readmanganato.com/manga-qz993608
Gangho Apocalypse,"Shigure has appeared in Kangho! And destroyed Kangho! This is the story of the people who survived the disaster. Cheongsu, a disciple of the Volcano sect, who had been hiding his abilities. For some reason, he was sentenced to three years of solitary confinement in the mountains. Three years later... When Cheongsu leaves the confession hall, he sees Kang Ho, who has been erased. To find his missin More.",https://readmanganato.com/manga-rk995345
I Reincarnated as an SSS-Ranked Goblin,"When I came to, I was a goblin.I was reincarnated as the lowest rank monster in a state-of-the-art VRMMO game. After persevering through the tumultuous life of a goblin with my little goblin sister Lily, I was killed in an invasion conducted by the hero.Why did I have to die such a pitiful death after I’d been reincarnated…?… No, you must not die yet.At the brink of death, I was br More.",https://mangakakalot.com/manga/ui932994
Advanced Evolution,"Ming He is a young man with hidden supernatural power. But his power is the most useless power, of white dust rank. Cycling in a deserted highway on his way home, a catastrophe named ” goddess” hits Ming He. And after meeting Ming He, it becomes a possession spirit. The “Goddess” gave Ming He a powerful and extraordinary superpower. His original “trash” superpow More.",https://readmanganato.com/manga-mz989534
DeathCord,"One day, Kyung-min, whose self-esteem has hit rock bottom from being Tormented/Bullied by his friends, suddenly receives an invite to ‘DeathCord’, a chatting room where you can kill people through voting. Anonymous death penalty vote in the chat room! Anonymous participants invited to the chat room are keen to kill people for their own reasons. However, one of the chat participants becomes the tar More.",https://readmanganato.com/manga-pa992857
Pellua Iyagi,A story of a princess married to a prince from another kingdom. What will await of them? More.,https://mangakakalot.com/read-ozweu1340p1685033906
"Martial brother, please don't run away~","When Wang Xiaomie awoke, he discovered that he had been reborn and buried underground for over a thousand years, even living in a double room! This handsome guy, who was wearing the same red wedding dress, kissed him! ! What can this weak, helpless, and ugly man do! ?In order to revive his senior brother, he collected countless fortunes, built an underground tomb, found the legendary A More.",https://readmanganato.com/manga-rj994492
F-Class Destiny Hunter,"many more!]In a world where destiny decides the ability one awakens, Seo Gangrim is born with the worst destiny.He awakened as a hunter, but he was the very bottom of the bottom.One day, he is ambushed[Power Destiny Stealing' is being activated. You have obtained the power Regression'.]He lost all his teammates to an assassin, but right before dying, he regressed to his past.Right then, Seo Gangri More.",https://readmanganato.com/manga-tm996521
A DeadbEAT’s Meal,"What's better than a good meal? My name's Jaeho and I love food. While some may call me a deadbEAT because I don't have a job at the moment, I'm just your normal happy guy who loves eating and my girlfriend of 7 years That is until I got a breakup text yesterday Where did things go wrong? I keep trying to look back through the years, but I just can't figure it out... More.",https://readmanganato.com/manga-pe992513
Superstar Associate Manager,"Hoyeon Cheon is an associate manager at Korea Capital, a finance company where his career is stagnating. One night, stuck with the cleanup after a long evening of karaoke with colleagues, he decides to sing one more song. Little does he know that the ghost of the wild-child rock star Jihyeok Han has been waiting, hoping to find the perfect vessel for his superstar auraSuperstar Cheon Dae-riSuperst More.",https://readmanganato.com/manga-pk992519
Hand Jumper,"Sayeon Lee despises Aberrants. They wreak havoc on society with their strange, unthinkable powers. It's just too bad she happens to be an Aberrant herself! Forced to fend for her life in the deadly Aberrant Corps, she's determined to make it to the top, and her unusual ability should help her if she can figure out how to use it in time.mangabuddy is a website dedicated to fans of anime, , , , vid More.",https://readmanganato.com/manga-pd992512
That House Where I Live with You,"Hana becomes the substitute landlady of the sharehouse her parents were managing. She's all exhilarated to get the rental income-- at least, that's the plan. Oh dear, there's no rental income?! At her wit's end, Hana puts her parents' vacant room for rent. A sweet and bittersweet love comedy that unfolds at the share house. More.",https://readmanganato.com/manga-vv972556
Anemone Theater,"Seongho, who is under extreme stress because of his conservative father, suffers from chronic headaches.To get rid of the headache somehow, he takes the whole pill and accidentally kisses a man.And feel like that severe headache is fading away... Is it because of the drug? Or because of the kiss? More.",https://readmanganato.com/manga-py992707
The Couple Breaker,"Go with the existing obvious mating program! Various lovers who want to test their love gathered in one place. Some seek revenge on their lover who has transferred, and some couples want to become more famous or to confirm their true love... Super popular hit love entertainment program A Maramat Revenge Romance unfolding on the stage! More.",https://readmanganato.com/manga-qo994349
One day I was proposed to by my enemy,"He looked down, bullied and scolded his subordinates endlessly, and after winning the war you asked me to love you out of nowhere and proposed in front of so many people? Are you out of your mind? More.",https://readmanganato.com/manga-pf992662
TENTACLE,".FROM TOMOCHAN.IP & HAZELNUT Y -He was just trying to play a VR game while drunk... A man trapped in a game!I am subjected to all kinds of insults by the tentacles...From soft tentacles to bumpy tentacles!Men being humiliated by tentacles raised by lovely demons!""What kind of person should he cook next?""? A high-level CG toon by author 'DOTGAVI' + More.",https://readmanganato.com/manga-pq992873
Beautiful You,"Ever since young, ""Woojong Kim"" adored cute and pretty things, and believed that once he became an adult, he too would become like the idols he watched on TV.Instead, he becomes a 195 centimeter, heavily muscled, masculine man.Timid Woojong thus decides to create beauty instead, and changes his plans accordingly.This is how he meets ""Ryuhyun"", who studies modeling in the same university.It's love More.",https://readmanganato.com/manga-os991727
Theodore Only Comes Out at Night,"""I can't live without your love!"" Theodore is a knight by day, but a male prostitute by night. However, he's hiding a deep dark secret. Can his highest paying client, Master Arlo, finally confess his love to his favorite Theocat? Meow. More.",https://mangakakalot.com/manga/kf932093
Villain to Kill,"""You must become the greater evil to fight against the real evil!"" Cassian dies after being framed for the murder of a comrade. Just when he thought it was all over for him, his soul is transferred into a young boy... A popular, top-class Psyker who was everyone envy turns into a Villain overnight! More.",https://readmanganato.com/manga-kj988144
Kill The Dragon,"“Do everything you can to survive.”
Humans were told by their invaders, the ‘Dragons', that they would be exterminated.
Before the world collapsed, the person who will protect the world, a war orphan, Lee Han, awakened as a ‘Psyker'. More.",https://readmanganato.com/manga-no990871
Poison-Eating Healer,"Cheon Haesun is the protagonist whos terminally ill because of various poisons. Cheon Haesun, who was never welcome anywhere, will have his story of becoming the strongest hunter play out on an Earth upon which dungeons and monsters have broken out! More.",https://readmanganato.com/manga-qp993524
Chronicles of the Demon Faction,"Chun Hajin, the strongest assassin of the Orthodox Murim's Righteous Heavenly Alliance. Hajin loses his life as he tries to escape to find freedom.
And then…
""The divine cult is immortal, may all demons submit. Congratulations on your recovery, third young master!""
He was reincarnated into the body of the Murim's public enemy, the third young master of the Demonic Cult?!
The co More.",https://readmanganato.com/manga-rd995160
Igarashi-kun to Nakahara-kun,More.,https://mangakakalot.com/manga/igarashikun_to_nakaharakun
Heavenly Grand Archive’s Young Master,"The soul of the charming and imposing Murim Alliance Leader, Hu Gong, suddenly possesses the body of a darn young man’s body one day.
That young man’s name is Beom Hang. He’s the young master of the ‘Heavenly Grand Archive’, one of the three major archives of the jianghu, yet a sorry excuse of a person.
In order to determine why his soul has swapped bodies, Hu Gong begins to train Beom Hang’s bo More.",https://readmanganato.com/manga-qg993563
Shadowless Night,"Shadowless Night manhwa, When you enter the deep forest, you will be devoured by the shadow. The shadow in the forest moves when no one is looking. In the deep forest, there is a shadow that mimics humans. The shadow speaks.Rosalin of the White Night Chivalric Order went missing after suffering from an unexpected enemy attack during a hunting competition. They were able to find her unconscious and More.",https://readmanganato.com/manga-ps992427
Killer the Housemate,"Normal family, normal looks, normal personality. For someone who is completely ordinary, I have become somewhat like a main lead of an action thriller-horror movie. Or perhaps a romantic comedy movie? No, a slice of life movie? Wait! What it is, Why! Why is this happening to me? The special story of a standard Korean University student, Woo Ri Nam, begins. More.",https://mangakakalot.com/manga/xc922660
Drug-Eating Genius Mage,"Having reached his talent limit on magic, the protagonist was sent to the gaming world as punishment — to a huge city named Valkan. In order to survive, he builds relationships with other people and investigates the secret behind the “closed world”, striving to prevent the end of the world. More.",https://readmanganato.com/manga-ro994597
Sword Fanatic Wanders Through The Night,"The Mystic Lunar Dance Troupe took in Jin Sohan as an orphan, and he spent his childhood with them.
But one day, one of the four great demons, the Venom Demon, discovered that he was special and kidnapped him.
After all kinds of test, he decided to raise him as his disciple.
Ten years later, Jin Sohan tried to look for traces of the Mystic Lunar Dance Troupe, but the Sword Dance Troupe had alre More.",https://readmanganato.com/manga-ne991161
King wa Nakayoku Naritakunai,"“On the contrary, I'm curious about my seniors"" Shifuji Shido, who is good-looking and literary and martial arts, is a ""king of the school"" that is recognized by both himself and others. When I looked at the popular junior, Atsouto Okawa, for some reason he liked it――!? I'm swayed by younger handsome guys! More.",https://readmanganato.com/manga-si996265
Kagekuri Kitan,"Hajime has lived in fear of the monsters lurking in the shadows that only he can see. But after meeting a mysterious shadow girl who pledges to help him face his fears, he's dragged into the secret world of ninjas. More.",https://mangakakalot.com/read-su3ll158504985770
Grand Dwarf,"For 52 years, Takumi Fujimura, a craftsman who has continued to hone his skills at a town factory, finds himself in a predicament when he has a dispute with a client and stops getting loans from banks. After many years of hard work, he finally collapses, but he awakens in a different world where he meets Frau, a girl who aspires to become a hero. With the benefit of modern technology and decades o More.",https://mangakakalot.com/manga/gy934193
Bad Girl-Exorcist Reina,"Reina Suzuno, a transfer student with a sukujan, blonde hair and loose socks looks totally like a criminal, is a stalker? It turns out that Reina is not a stalker, she is actually an exorcist, an excellent exorcist, the intimidating behavior she has is actually a unique method of exorcism, which exterminates the evil spirits that roam the earth, capable of exorcising hanako from the bath already m More.",https://mangakakalot.com/manga/nl919841
Maou-jou de Oyasumi,"Sshhh! Princess Syalis is trying to get a good night's sleep. Some shut-eye. Forty winks. Catch some Z's. Long ago in olden times when people and demons lived together in—well, disharmony, really—a demon king kidnaps a human princess and imprisons her in his castle. Bereft, the princess's subjects beat their chests in anguish…until a hero arises to spearhead Project Rescue Our Princess! While wait More.",https://readmanganato.com/manga-uq971925
Eureka,"From Momocha Scans:
Stephen and Shukurei are vampires who met and decided to travel together. One a half-demon, the other a subspecies. One lives for the sake of atonement, the other for the sake of revenge. In the midst of the journey, Steph drinks Shuku's blood and experiences once more the warmth of companionship. But when they arrive at Steph's hometown, the past begins to catch up, torturi More.",https://mangakakalot.com/read-lseux1339h1685033904
"Divorce Me, Mr. Alpha","Can you have sex with someone else after having sex with me? A cold, angry omega serves divorce papers to an oppressive, haughty alpha! This is an omegaverse divorce boys love story about redoing fate! More.",https://readmanganato.com/manga-sd995812
Shoujo-tachi no Kizuato ni Kuchizuke wo,"The story of vampire girls spun in a secret garden
Two girls spend their time at a school built deep in a forest. Their secret is that they are all vampires. In order to hunt without being noticed by humans, the girls are bonded by blood, and what does the ""sisterhood"" bring to them? More.",https://mangakakalot.com/manga/wk929940
Futari Switch,"Shinichi and Ichigo, who are childhood friends among their neighbors, are first-year high school students in the middle of their youth. There was a longing person who had a feeling for each of them! They couldn't get close to each other just by looking at their favorite person from a distance, but one day in early summer, a bitter gourd-related incident changed their daily lives. More.",https://mangakakalot.com/manga/futari_switch
Tonikaku Cawaii,"Hata's new manga is titled Tonikaku Kawaii (Generally Cute), and it will launch in the magazine's next issue on February 14. The English subtitle is ""Fly Me to The Moon,"" and the visual shows a ""mysterious girl."" The magazine's tagline says the series is ""packed with love and dreams. [ANN] More.",https://readmanganato.com/manga-bf978740
Komi-san wa Komyushou Desu,"Komi-san is the beautiful and admirable girl that no-one can take their eyes off her. Almost the whole school sees her as the cold beauty out of their league, but Tadano Shigeo knows the truth: she's just really bad at communicating with others. Komi-san, who wishes to fix this bad habit of hers, tries to improve it with the help of Tadano-kun. More.",https://readmanganato.com/manga-va953509
Wolf-chan wa Sumashitai,More.,https://mangakakalot.com/manga/nq932292
Doukyonin no Sano-kun wa Tada no Yuunou na Tantou Henshuu desu,"With several serialized works as a novelist, Teiichirou Shinomiya is a workaholic who keeps on writing as long as his eyes are open.
His room is filthy and he can neither sleep or eat well. What did his editor, Sano, decide to do about it? More.",https://mangakakalot.com/manga/mq932064
Another Emperor Reborn,"Broken liver day is 14 days! Reiki revived, the whole world was covered by rich reiki, and the creatures on the earth were affected by this. Humans began to awaken to have stronger power, and creatures other than humans also evolved rapidly under the influence of aura. Some powerful and mysterious races have risen quietly. Legend has it that the power is fixed-the alien royal family. By coincidenc More.",https://readmanganato.com/manga-hv984430
"Rebirth, I am the king of entertainment","Lin Ce, a big shot in the entertainment industry, was reborn, but found out that his girlfriend who became a big star wanted to break up with him, but no one knew that Lin Ce's mind was filled with endless entertainment works in another world! Zhao Siman: Lin Ce, I am a big star, and you are an ordinary person, we are not suitable, let's break up! Stop pestering me! Lin Ce: Well, you never know wh More.",https://readmanganato.com/manga-rr995200
Kouryu no Mimi,"Natsume Kiroemon, the protagonist, is the 45th leader of the Natsume family, and inherit the ""Kiryuu no Mimi "", a tool which gives its bearer easy access to wealth and women. As a result of his father's death, he leaves the Italian monastery where he'd been training and rightfully takes the name ""Natsume Kiroemon"" as well as the power of the ""Kiryuu no Mimi"". Upon his return to Japan, he falls fat More.",https://mangakakalot.com/manga/ur933739
"Rebirth, I am the king of entertainment","Lin Ce, a big shot in the entertainment industry, was reborn, but found out that his girlfriend who became a big star wanted to break up with him, but no one knew that Lin Ce's mind was filled with endless entertainment works in another world!Zhao Siman: Lin Ce, I am a big star, and you are an ordinary person, we are not suitable, let's break up! Stop pestering me!Lin Ce: Well, you never k More.",https://mangakakalot.com/manga/ju932730
Kaminagashijima - Rinne no Miko,"Survive, Girls---!! High-school student Amane Miko is a famous miko in her hometown. One day, she gets involved in a strange traffic accident and finds herself waking up in a world filled with grotesque looking monsters roaming around...!! The constant fear of those monsters attacking!! However, to solve the mysteries of this world, Miko advances through this world of despair. Cooperating with the More.",https://mangakakalot.com/manga/ck934312
The Protagonist Just Wants To Falling In Love,"Alternative Name: The Protagonist Just Wants To Falling In Love, The Protagonist Only Thinks About Falling In Love, System 067 encountered 13 awakened self-awareness systems, and as a supervisor, arranged for each awakened self-awareness system to go to a different novel, changing the original storyline of the protagonist of the novel. If the mission is successfully completed, the awakened self-aw More.",https://readmanganato.com/manga-ru995077
Divine Urban God,"""Five years ago, the Ye family was wiped out and the useless trash Ye Chen mysteriously disappeared. Five years later, that trash of the Ye family has returned! Back with cultivation powers that could bring down the gods and shake the earth! This time, Ye Chen will make the heavens tremble in awe! The earth will tremble in his fear! He will reign over everything and ascend to the top of the world! More.",https://mangakakalot.com/manga/xq930452
ZomGan,"In a world where everyone struggles to live, Onmirae, the only boy who wants death.One day, a death squad appeared in front of him and offered him a proposal. ‘I’ll kill you, let’s rebuild human society together’ Todie, you have to save everyone. More.",https://readmanganato.com/manga-op992250
Rebirth Of The Earth Immortal Venerable,"Chen Mo, a great cultivator of the divine transcendent realm, after dying with his junior sister while on their journey to the sacred land, he is reborn back on Earth in his senior year of high school, he rebuilds his cultivation base, he starts restoring his cultivation level, relying on his memory of his past life, he takes the initiative to plan, to eliminate all his mistakes and protect his fr More.",https://readmanganato.com/manga-ki987617
Martial Arts Alone,"A place where you casually use blood or ma in your name, I lived in Murim for 7 years. I was miserable, and I did a lot of dirty things. But I had to do anything to survive. That's 'Nangin' Finally, I crossed the line and experienced death in a desire to become stronger. But when I opened my eyes, it was modern. The world has changed and we are connected to the fantasy world of Pangea?! And as a r More.",https://readmanganato.com/manga-sv995430
#Zombie Sagashitemasu,"The manga is set in a world where 90 percent of humans on Earth have contracted and died from a deadly, virulent disease; only to then rise again as zombies who only attack people. 13 years after that ""Red Day"" of societal and civilizational collapse, the surviving humans survive away from the big cities, while still hoping to retake them someday. An entirely new generation of people who know noth More.",https://mangakakalot.com/manga/lj929417
Oshi ga Budoukan Ittekuretara Shinu,"A girl is obsessed with her favorite idol, a minor member of a less popular group, enough that she says she'd die to see her play at Budoukan. More.",https://mangakakalot.com/manga/xj923185
Peerless Medicinal Sage,"He is a medical expert with the magical powers of the sky. He is also the first-class soldier in the underground world, but he… married a superb willful wife, let's see how the soldier can respond… More.",https://mangakakalot.com/manga/zl926603
Super Wechat,More.,https://readmanganato.com/manga-ht984854
Max Level Returner,"120 million people have disappeared worldwide.[Final Quest Completion Reward: ‘Return’ Activated]For the first time in 22 years, Yoon Sang-Hyuk cleared the world’s worst survival game.He, the so-called strongest person among all other players, one who possess all reward items even the ones that no one else could earn, has come back.[Return of the Masked Monarch]I alone am level 1 More.",https://readmanganato.com/manga-jy987133
Reborn As A Monster,"Lin Yuan, who died in a car accident, accidentally traveled to a parallel world and became a monster with a sign-in system! Check in at the Mariana Trench and reward “devouring power”! Sign in at extreme abyss Island and reward “Explosive Breath”! Sign in in the Arctic Icefield and reward “Red Lotus Form”! Check-in in the Amazon Rainforest and reward “God More.",https://readmanganato.com/manga-qp994350
